<?xml version="1.0" encoding="UTF-8"?>
<beans xmlns="http://www.springframework.org/schema/beans"
	xmlns:xsi="http://www.w3.org/2001/XMLSchema-instance"
	xmlns:security="http://www.springframework.org/schema/security"
	xsi:schemaLocation="http://www.springframework.org/schema/security http://www.springframework.org/schema/security/spring-security-4.2.xsd
		http://www.springframework.org/schema/beans http://www.springframework.org/schema/beans/spring-beans.xsd">

<import resource="dao-context.xml"/>
	<security:authentication-manager>
		<security:authentication-provider>
			<security:user-service>
				<security:user name="santosh" authorities="ROLE_ADMIN"
					password="santosh" />
				<security:user name="sant" authorities="ROLE_USER"
					password="sant" />
			</security:user-service>
		</security:authentication-provider>
		<security:authentication-provider>
			<security:jdbc-user-service data-source-ref="dataSource"
				users-by-username-query="select email,password, true  from users where email=?"
				authorities-by-username-query="select email, 'ROLE_USER' from users where email=?" />

		</security:authentication-provider>
	</security:authentication-manager>

	<security:http use-expressions="true">	
	<security:intercept-url pattern="/admin/**" access="hasRole('ROLE_ADMIN')" />
	<security:intercept-url pattern="/logout" access="permitAll" />
	<security:intercept-url pattern="/map" access="permitAll" />
	<security:intercept-url pattern="/user/**" access="hasRole('ROLE_USER')" />
	<security:intercept-url pattern="/resources/**" access="permitAll" />
	<security:intercept-url pattern="/login" access="permitAll" />
	<security:intercept-url pattern="/" access="permitAll" />
	<security:intercept-url pattern="/**" access="denyAll" />
	<security:form-login login-page="/login"
		authentication-failure-url="/login?error=true" />
	<security:logout logout-success-url="/logout" />
	</security:http>
</beans>
