<?xml version="1.0" encoding="UTF-8"?>
<beans xmlns="http://www.springframework.org/schema/beans"
	xmlns:xsi="http://www.w3.org/2001/XMLSchema-instance" xmlns:context="http://www.springframework.org/schema/context"
	xmlns:mvc="http://www.springframework.org/schema/mvc" xmlns:tx="http://www.springframework.org/schema/tx"
	xsi:schemaLocation="http://www.springframework.org/schema/mvc http://www.springframework.org/schema/mvc/spring-mvc-4.3.xsd
		http://www.springframework.org/schema/beans http://www.springframework.org/schema/beans/spring-beans.xsd
		http://www.springframework.org/schema/context http://www.springframework.org/schema/context/spring-context-4.3.xsd
		http://www.springframework.org/schema/tx http://www.springframework.org/schema/tx/spring-tx-4.3.xsd">


	<bean id="viewResolver"
		class="org.springframework.web.servlet.view.InternalResourceViewResolver">
		<property name="prefix" value="/WEB-INF/jsps/"></property>
		<property name="suffix" value=".jsp"></property>
	</bean>
	<mvc:annotation-driven></mvc:annotation-driven>
	<context:annotation-config></context:annotation-config>

	 <context:component-scan base-package="controllers,services,daos"></context:component-scan>
	<!--<bean id="dataSource" class="org.apache.commons.dbcp.BasicDataSource">
		<property name="url"
			value="jdbc:mysql://localhost:3306/mapevents?useSSL=false">
		</property>
		<property name="username" value="Mapevents"></property>
		<property name="password" value="mapevents"></property>
		<property name="driverClassName" value="com.mysql.jdbc.Driver">
		</property>
	</bean>
	<bean id="sessionFactory"
		class="org.springframework.orm.hibernate4.LocalSessionFactoryBean">
		<property name="dataSource" ref="dataSource"></property>
		<property name="packagesToScan" value="/models" />
		<property name="hibernateProperties">
			<props>
				<prop key="hibernate.dialect">org.hibernate.dialect.MySQLDialect</prop>
				<prop key="hibernate.connection.show_sql">true</prop>
			</props>
		</property>
	</bean> -->
	<mvc:resources location="/WEB-INF/resources/" mapping="/resources/**">
	</mvc:resources>
</beans>
